# WKT, region
"MULTIPOLYGON (((-94.9994776030082 29.7303519404084,-94.988815572031 29.7463449868742,-94.9656346395132 29.741073870436,-94.9760570742886 29.7237630448607,-94.9894145625353 29.7238229439112,-94.99558416473 29.721307183793,-94.9994776030082 29.7303519404084)))",urban
"MULTIPOLYGON (((-95.0028656393233 29.7273190369212,-95.0071793543717 29.7280379894293,-95.0108768244133 29.7357410520158,-95.0189907170044 29.7360491745193,-95.0189907170044 29.7459090946301,-95.0189907170044 29.7502228096785,-95.018066349494 29.7566933822512,-95.018066349494 29.7578231647639,-95.0156013694664 29.7594664847824,-95.0156013694664 29.7695318198955,-95.0108768244133 29.7695318198955,-94.984686411619 29.755871722242,-95.0028656393233 29.7273190369212),(-95.0104659944086 29.7596718997847,-95.0107741169121 29.7519688371982,-94.9983465092725 29.7484767821589,-94.9990654617806 29.7573096272582,-95.0104659944086 29.7596718997847)))",
"MULTIPOLYGON (((-94.9664044764136 29.7563852597478,-94.9589068288294 29.7629585398216,-94.9462738061874 29.7613152198032,-94.9664044764136 29.7563852597478)),((-94.963323251379 29.7536121572166,-94.9462738061874 29.7578231647639,-94.9398032336147 29.7453955571243,-94.9607555638501 29.7422116245885,-94.9658909389078 29.7487849046624,-94.963323251379 29.7536121572166)))", "urban, river"
